Car,sim1,sim2,sim3,sim4,sim5,sim6,sim7,sim8,sim9,sim10,sim11
Toyota_Mirai,audi s1,Maserati_GranTurismo,Volvo_C70,kia niro,bmw 3series,,,,,,
alfa romeo 147,alfa romeo 159,RollsRoyce_Phantom,Lexus_LC,Maserati_GranCabrio,alpina b6,Mazda_CX-7,aston martin virage,jeep wrangler,,,
Mazda5,Mazda3,Mercedes_S-Class,Mercedes_M-Class,bentley flying spur,,,,,,,
audi s8,Mercedes_CL-Class,Nissan_Juke,Mercedes_SLS_AMG,abarth 124,audi s3,,,,,,
Mercedes_CL-Class,audi s8,Nissan_Juke,Mercedes_SLS_AMG,abarth 124,audi s3,,,,,,
alfa romeo 159,alfa romeo 147,RollsRoyce_Phantom,Lexus_LC,Maserati_GranCabrio,alpina b6,Mazda_CX-7,aston martin virage,jeep wrangler,,,
Nissan_Juke,audi s8,Mercedes_CL-Class,Mercedes_SLS_AMG,abarth 124,audi s3,,,,,,
Mercedes_S-Class,Mazda3,Mazda5,Mercedes_M-Class,bentley flying spur,,,,,,,
audi s1,Toyota_Mirai,Maserati_GranTurismo,Volvo_C70,kia niro,bmw 3series,,,,,,
Mercedes_SLS_AMG,audi s8,Mercedes_CL-Class,Nissan_Juke,abarth 124,audi s3,,,,,,
Mercedes_M-Class,Mazda3,Mazda5,Mercedes_S-Class,bentley flying spur,,,,,,,
Maserati_GranTurismo,Toyota_Mirai,audi s1,Volvo_C70,kia niro,bmw 3series,,,,,,
Volvo_S60,audi s6,Mercedes_GL-Class,Nissan_370Z,audi sq5,audi rs7,Mercedes_E-Class,jaguar xj,audi a8,Volkswagen_Golf,Nissan_Qashqai+2,alpina b4
RollsRoyce_Phantom,alfa romeo 147,alfa romeo 159,Lexus_LC,Maserati_GranCabrio,alpina b6,Mazda_CX-7,aston martin virage,jeep wrangler,,,
Volvo_C70,Toyota_Mirai,audi s1,Maserati_GranTurismo,kia niro,bmw 3series,,,,,,
audi s6,Volvo_S60,Mercedes_GL-Class,Nissan_370Z,audi sq5,audi rs7,Mercedes_E-Class,jaguar xj,audi a8,Volkswagen_Golf,Nissan_Qashqai+2,alpina b4
Mercedes_GL-Class,Volvo_S60,audi s6,Nissan_370Z,audi sq5,audi rs7,Mercedes_E-Class,jaguar xj,audi a8,Volkswagen_Golf,Nissan_Qashqai+2,alpina b4
Mercedes_E-Class,Volvo_S60,audi s6,Mercedes_GL-Class,Nissan_370Z,audi sq5,audi rs7,jaguar xj,audi a8,Volkswagen_Golf,Nissan_Qashqai+2,alpina b4
audi s3,audi s8,Mercedes_CL-Class,Nissan_Juke,Mercedes_SLS_AMG,abarth 124,,,,,,
Volkswagen_Golf,Volvo_S60,audi s6,Mercedes_GL-Class,Nissan_370Z,audi sq5,audi rs7,Mercedes_E-Class,jaguar xj,audi a8,Nissan_Qashqai+2,alpina b4
Maserati_GranCabrio,alfa romeo 147,alfa romeo 159,RollsRoyce_Phantom,Lexus_LC,alpina b6,Mazda_CX-7,aston martin virage,jeep wrangler,,,
alpina b6,alfa romeo 147,alfa romeo 159,RollsRoyce_Phantom,Lexus_LC,Maserati_GranCabrio,Mazda_CX-7,aston martin virage,jeep wrangler,,,
Nissan_370Z,Volvo_S60,audi s6,Mercedes_GL-Class,audi sq5,audi rs7,Mercedes_E-Class,jaguar xj,audi a8,Volkswagen_Golf,Nissan_Qashqai+2,alpina b4
abarth 124,audi s8,Mercedes_CL-Class,Nissan_Juke,Mercedes_SLS_AMG,audi s3,,,,,,
Mazda_CX-7,alfa romeo 147,alfa romeo 159,RollsRoyce_Phantom,Lexus_LC,Maserati_GranCabrio,alpina b6,aston martin virage,jeep wrangler,,,
kia niro,Toyota_Mirai,audi s1,Maserati_GranTurismo,Volvo_C70,bmw 3series,,,,,,
audi sq5,Volvo_S60,audi s6,Mercedes_GL-Class,Nissan_370Z,audi rs7,Mercedes_E-Class,jaguar xj,audi a8,Volkswagen_Golf,Nissan_Qashqai+2,alpina b4
audi rs7,Volvo_S60,audi s6,Mercedes_GL-Class,Nissan_370Z,audi sq5,Mercedes_E-Class,jaguar xj,audi a8,Volkswagen_Golf,Nissan_Qashqai+2,alpina b4
aston martin virage,alfa romeo 147,alfa romeo 159,RollsRoyce_Phantom,Lexus_LC,Maserati_GranCabrio,alpina b6,Mazda_CX-7,jeep wrangler,,,
bmw 3series,Toyota_Mirai,audi s1,Maserati_GranTurismo,Volvo_C70,kia niro,,,,,,
Mazda3,Mazda5,Mercedes_S-Class,Mercedes_M-Class,bentley flying spur,,,,,,,
jeep wrangler,alfa romeo 147,alfa romeo 159,RollsRoyce_Phantom,Lexus_LC,Maserati_GranCabrio,alpina b6,Mazda_CX-7,aston martin virage,,,
bentley flying spur,Mazda3,Mazda5,Mercedes_S-Class,Mercedes_M-Class,,,,,,,
audi a8,Volvo_S60,audi s6,Mercedes_GL-Class,Nissan_370Z,audi sq5,audi rs7,Mercedes_E-Class,jaguar xj,Volkswagen_Golf,Nissan_Qashqai+2,alpina b4
Lexus_LC,alfa romeo 147,alfa romeo 159,RollsRoyce_Phantom,Maserati_GranCabrio,alpina b6,Mazda_CX-7,aston martin virage,jeep wrangler,,,
Nissan_Qashqai+2,Volvo_S60,audi s6,Mercedes_GL-Class,Nissan_370Z,audi sq5,audi rs7,Mercedes_E-Class,jaguar xj,audi a8,Volkswagen_Golf,alpina b4
alpina b4,Volvo_S60,audi s6,Mercedes_GL-Class,Nissan_370Z,audi sq5,audi rs7,Mercedes_E-Class,jaguar xj,audi a8,Volkswagen_Golf,Nissan_Qashqai+2
jaguar xj,Volvo_S60,audi s6,Mercedes_GL-Class,Nissan_370Z,audi sq5,audi rs7,Mercedes_E-Class,audi a8,Volkswagen_Golf,Nissan_Qashqai+2,alpina b4
